Worker ID,Finished,Begin,,End,,Step 1,Step 2,,,,,,,,,Step 3,,,,,,,,,,,,,,,,,Step 4,Step 5,,,Step 6,,,Step 7,,,Step 8,,,Step 9,Step 10,,,Step 11,,,Step 12,,,Step 13,,,Step 14,,,Step 15,,,Step 16,,,Step 17,,,Step 18,,,Step 19,,,Step 20,,,Step 21,,,Step 22,,,Step 23,,,Step 24,,,Step 25,,,Step 26,,,Step 27,,,Step Order
,,Date,Time,Date,Time,Duration,Duration,Results,,,,,,,,Duration,Results,,,,,,,,,,,,,,,,Duration,Duration,Results,,Duration,Results,,Duration,Results,,Duration,Results,,Duration,Duration,Results,,Duration,Results,,Duration,Results,,Duration,Results,,Duration,Results,,Duration,Results,,Duration,Results,,Duration,Results,,Duration,Results,,Duration,Results,,Duration,Results,,Duration,Results,,Duration,Results,,Duration,Results,,Duration,Results,,Duration,Results,,Duration,Results,,Duration,Results,
 
A0017268R9SKD8U2Y3F,Yes,02.07.2018,08:28:58,02.07.2018,08:33:52,2,7,Female,1,25-34 years old,4,America,1,Other field,10,21,Paid streaming video services,2,Extremely often,1,No difference,3,Afternoon,2,more than 3 hours but less than 4 hours,5,Horror,13,Going to sleep,5,TV,2,2,10,Poor,2,9,Fair,3,11,Excellent,5,10,Excellent,5,2,18,Excellent,5,11,Bad,1,13,Good,4,12,Poor,2,15,Excellent,5,11,Bad,1,11,Poor,2,12,Fair,3,13,Fair,3,10,Excellent,5,13,Good,4,15,Good,4,11,Bad,1,11,Fair,3,12,Fair,3,12,Good,4,10,Bad,1,10,Fair,3,1 2 3 4 5 7 6 8 9 10 12 13 11 18 16 20 23 24 22 17 21 27 19 25 26 14 15 28 
A10O5YR01H865K,Yes,02.07.2018,08:24:15,02.07.2018,08:29:29,3,7,Male,2,25-34 years old,4,America,1,Service,7,53,Paid streaming video services,2,Very often,2,No difference,3,Afternoon,2,more than 1 hour but less than 2 hours,3,Horror,13,Relaxing,3,TV,2,2,10,Poor,2,13,Good,4,11,Excellent,5,11,Excellent,5,2,12,Excellent,5,11,Bad,1,12,Excellent,5,11,Good,4,11,Good,4,10,Bad,1,11,Fair,3,10,Good,4,12,Excellent,5,11,Good,4,11,Fair,3,10,Excellent,5,10,Bad,1,12,Fair,3,13,Good,4,12,Excellent,5,9,Poor,2,14,Good,4,1 2 3 4 7 5 8 6 9 11 13 12 10 16 19 18 26 17 24 15 14 22 20 23 21 27 25 28 
A13HZKB2NGZP6B,Yes,02.07.2018,08:41:44,02.07.2018,08:46:48,6,6,Female,1,18-24 years old,3,America,1,Arts and entertainment,1,12,Free streaming video services,1,Very often,2,During the week,1,Afternoon,2,more than 1 hour but less than 2 hours,3,Coemdy,6,Relaxing,3,Phone,4,4,15,Fair,3,12,Good,4,10,Good,4,12,Good,4,1,10,Good,4,10,Fair,3,14,Good,4,12,Fair,3,13,Good,4,15,Good,4,9,Fair,3,10,Good,4,10,Good,4,10,Good,4,14,Good,4,10,Good,4,11,Fair,3,12,Good,4,20,Good,4,17,Fair,3,15,Good,4,14,Good,4,1 2 3 4 7 8 5 6 9 12 11 13 10 17 16 27 24 26 18 15 20 22 23 21 25 19 14 28 
A15RSC70TW7ZKW,Yes,02.07.2018,08:16:47,02.07.2018,08:25:39,6,9,Male,2,25-34 years old,4,America,1,Unemployed,9,40,Free streaming video services,1,Extremely often,1,No difference,3,Afternoon,2,more than 2 hours but less than 3 hours,4,Science-Fiction,3,Relaxing,3,TV,2,12,13,Fair,3,37,Excellent,5,12,Excellent,5,13,Good,4,2,14,Excellent,5,12,Poor,2,12,Excellent,5,15,Fair,3,12,Good,4,37,Bad,1,13,Poor,2,19,Poor,2,17,Good,4,14,Poor,2,14,Good,4,10,Excellent,5,10,Poor,2,17,Good,4,33,Excellent,5,96,Good,4,11,Fair,3,32,Good,4,1 2 3 4 5 7 6 8 9 13 10 11 12 25 14 22 16 17 26 21 20 19 23 18 27 15 24 28 
A16SAB417Y96G4,No,02.07.2018,08:27:13,01.01.1970,01:00:00,,,,,,,,,,,,,,,,,,,,,,,,,,,,,,,,,,,,,,,,,,,,,,,,,,,,,,,,,,,,,,,,,,,,,,,,,,,,,,,,,,,,,,,,,,,,,,,,1 2 3 4 7 5 8 6 9 10 13 11 12 20 19 24 26 27 15 16 23 21 18 17 25 14 22 28 
A16YCBEW9H2GVQ,Yes,02.07.2018,08:28:03,02.07.2018,08:39:21,15,21,Male,2,25-34 years old,4,America,1,Business,2,41,Free streaming video services,1,Very often,2,During the week,1,Morning,1,more than 30 minutes but less than an hour,2,Game shows,2,Studying,2,Laptop,3,10,18,Excellent,5,19,Good,4,23,Good,4,17,Good,4,6,16,Excellent,5,17,Good,4,18,Good,4,19,Excellent,5,18,Good,4,25,Good,4,23,Good,4,22,Excellent,5,24,Excellent,5,16,Good,4,23,Excellent,5,18,Good,4,30,Good,4,29,Excellent,5,30,Good,4,18,Excellent,5,29,Excellent,5,133,Good,4,1 2 3 4 6 5 7 8 9 10 11 13 12 25 16 24 20 15 26 22 23 27 17 14 18 19 21 28 
A1945USNZHTROX,Yes,02.07.2018,08:16:49,02.07.2018,08:24:23,6,12,Male,2,35-44 years old,5,America,1,Science and technology,5,36,Paid streaming video services,2,Very often,2,No difference,3,Afternoon,2,more than 1 hour but less than 2 hours,3,Coemdy,6,Relaxing,3,TV,2,45,10,Fair,3,10,Fair,3,11,Good,4,11,Good,4,4,98,Excellent,5,11,Poor,2,12,Good,4,12,Fair,3,15,Fair,3,10,Poor,2,12,Poor,2,21,Fair,3,11,Fair,3,12,Poor,2,11,Fair,3,10,Good,4,13,Poor,2,12,Fair,3,13,Good,4,12,Good,4,13,Poor,2,11,Fair,3,1 2 3 4 5 8 6 7 9 11 13 12 10 27 21 17 14 16 22 20 25 18 24 15 26 23 19 28 
A19GI6QJGCCOKV,Yes,02.07.2018,08:43:06,02.07.2018,08:51:24,4,13,Male,2,18-24 years old,3,America,1,Science and technology,5,37,Free streaming video services,1,Moderately often,3,On weekends,2,Afternoon,2,more than 2 hours but less than 3 hours,4,Drama,4,Relaxing,3,Laptop,3,5,61,Fair,3,12,Poor,2,14,Fair,3,21,Good,4,3,13,Poor,2,14,Poor,2,12,Good,4,25,Fair,3,59,Fair,3,30,Fair,3,13,Fair,3,12,Good,4,14,Poor,2,13,Poor,2,15,Poor,2,13,Fair,3,15,Poor,2,12,Poor,2,13,Fair,3,21,Fair,3,12,Poor,2,22,Fair,3,1 2 3 4 5 6 8 7 9 11 10 13 12 17 21 19 20 23 18 27 16 22 15 14 25 24 26 28 
A1DUGGLUY7WPU0,Yes,02.07.2018,08:17:03,02.07.2018,08:26:34,10,18,Male,2,18-24 years old,3,America,1,Service,7,41,Paid streaming video services,2,Extremely often,1,No difference,3,Afternoon,2,more than 2 hours but less than 3 hours,4,Horror,13,Relaxing,3,TV,2,16,14,Good,4,14,Good,4,13,Good,4,21,Excellent,5,3,65,Good,4,15,Poor,2,17,Good,4,13,Fair,3,26,Good,4,12,Fair,3,17,Fair,3,23,Good,4,14,Good,4,22,Good,4,29,Good,4,63,Good,4,12,Fair,3,16,Good,4,20,Good,4,16,Good,4,20,Fair,3,21,Fair,3,1 2 3 4 5 6 7 8 9 13 10 11 12 22 26 23 19 16 17 21 20 14 27 18 15 25 24 28 
A1DWMYWNC3QCFM,Yes,02.07.2018,08:44:30,02.07.2018,08:50:04,2,9,Male,2,25-34 years old,4,America,1,Service,7,20,Free streaming video services,1,Very often,2,No difference,3,Afternoon,2,more than 30 minutes but less than an hour,2,Documentary,14,Relaxing,3,Laptop,3,3,10,Fair,3,10,Good,4,11,Excellent,5,11,Excellent,5,2,14,Excellent,5,28,Poor,2,11,Good,4,11,Fair,3,11,Good,4,12,Poor,2,12,Fair,3,16,Good,4,13,Good,4,14,Fair,3,12,Fair,3,13,Good,4,11,Fair,3,14,Fair,3,11,Good,4,12,Good,4,29,Fair,3,12,Fair,3,1 2 3 4 8 5 6 7 9 10 12 11 13 21 25 20 19 17 24 18 15 27 26 23 14 16 22 28 
A1E77HZO63E334,No,02.07.2018,08:38:29,02.07.2018,08:39:18,25,9,Male,2,18-24 years old,3,America,1,Science and technology,5,13,Paid streaming video services,2,Very often,2,No difference,3,Afternoon,2,more than 1 hour but less than 2 hours,3,Sports,1,Surfing in the web,1,TV,2,2,,,,,,,,,,,,,,,,,,,,,,,,,,,,,,,,,,,,,,,,,,,,,,,,,,,,,,,,,,,,,,,,,,,,1 2 3 4 5 6 8 7 9 13 11 12 10 17 15 16 21 18 24 20 23 26 25 19 27 14 22 28 
A1G6F1HWIS2K2K,Yes,02.07.2018,08:37:23,02.07.2018,08:46:05,7,18,Female,1,45-54 years old,6,America,1,Healthcare and medicine,6,58,Paid streaming video services,2,Extremely often,1,No difference,3,Afternoon,2,more than 2 hours but less than 3 hours,4,Documentary,14,Relaxing,3,TV,2,16,30,Good,4,22,Good,4,13,Excellent,5,17,Excellent,5,3,32,Excellent,5,21,Good,4,12,Excellent,5,17,Excellent,5,39,Fair,3,18,Good,4,18,Good,4,13,Excellent,5,24,Good,4,14,Excellent,5,17,Excellent,5,17,Excellent,5,16,Good,4,19,Excellent,5,15,Excellent,5,18,Excellent,5,17,Excellent,5,11,Excellent,5,1 2 3 4 5 8 7 6 9 10 13 12 11 17 27 20 15 19 21 26 25 23 16 24 14 18 22 28 
A1H198MRIM37T1,Yes,02.07.2018,08:16:33,02.07.2018,08:25:34,12,16,Male,2,35-44 years old,5,America,1,Service,7,42,Free streaming video services,1,Extremely often,1,No difference,3,Afternoon,2,more than 2 hours but less than 3 hours,4,Documentary,14,Relaxing,3,Laptop,3,10,13,Fair,3,23,Fair,3,16,Excellent,5,18,Poor,2,3,84,Excellent,5,13,Poor,2,16,Good,4,24,Fair,3,13,Good,4,11,Bad,1,17,Fair,3,18,Good,4,35,Good,4,19,Good,4,11,Good,4,25,Good,4,14,Fair,3,16,Fair,3,23,Good,4,17,Good,4,12,Poor,2,20,Fair,3,1 2 3 4 6 7 8 5 9 12 11 10 13 21 27 18 22 23 16 25 14 20 24 26 17 15 19 28 
A1IHFGSOFAE7MK,Yes,02.07.2018,08:16:33,02.07.2018,08:23:37,9,18,Male,2,55-64 years old,7,America,1,Business,2,69,Paid streaming video services,2,Extremely often,1,No difference,3,Afternoon,2,more than 3 hours but less than 4 hours,5,Thriller,8,Surfing in the web,1,Tablet,1,14,11,Good,4,20,Good,4,13,Excellent,5,19,Excellent,5,6,18,Excellent,5,13,Good,4,15,Excellent,5,12,Good,4,13,Excellent,5,13,Good,4,13,Excellent,5,14,Excellent,5,12,Excellent,5,14,Excellent,5,14,Excellent,5,17,Excellent,5,15,Excellent,5,15,Excellent,5,11,Excellent,5,12,Excellent,5,12,Good,4,12,Excellent,5,1 2 3 4 8 6 7 5 9 10 11 13 12 27 15 26 18 20 16 23 22 14 19 25 17 24 21 28 
A1KFUXSVGSHL5Z,Yes,02.07.2018,08:18:18,02.07.2018,08:23:23,7,7,Male,2,35-44 years old,5,America,1,Science and technology,5,29,Free streaming video services,1,Very often,2,On weekends,2,Afternoon,2,more than 2 hours but less than 3 hours,4,Action/adventure,11,Relaxing,3,TV,2,6,10,Fair,3,10,Fair,3,11,Excellent,5,12,Excellent,5,3,17,Good,4,14,Poor,2,10,Fair,3,11,Fair,3,13,Good,4,10,Poor,2,13,Good,4,9,Excellent,5,17,Good,4,14,Good,4,9,Excellent,5,9,Good,4,10,Fair,3,11,Good,4,10,Good,4,11,Good,4,12,Fair,3,10,Good,4,1 2 3 4 8 5 7 6 9 10 11 13 12 19 22 26 25 14 21 15 24 18 16 23 27 20 17 28 
A1NPQNVXPWACT7,No,02.07.2018,08:28:21,02.07.2018,08:38:30,3,21,Female,1,25-34 years old,4,America,1,Negocio,2,75,Servicios gratuitos de transmisión de video,1,Muy a menudo,1,En los fines de semana,2,Tarde,2,30 minutos o menos,1,Ciencia ficción,3,Navegando en la web,1,Ordenador portátil,3,80,84,Poor,2,39,Poor,2,13,Fair,3,29,Fair,3,3,60,Fair,3,13,Fair,3,15,Good,4,65,Good,4,13,Fair,3,,,,,,,11,Fair,3,12,Fair,3,,,,10,Fair,3,12,Good,4,,,,14,Good,4,,,,9,Good,4,12,Good,4,16,Good,4,1 2 3 4 5 8 6 7 9 13 10 12 11 23 25 14 20 17 18 21 26 27 19 24 22 15 16 28 
A1P84Z2MVYQN91,No,02.07.2018,08:16:44,02.07.2018,08:23:27,9,15,Female,1,25-34 years old,4,America,1,Business,2,37,Paid streaming video services,2,Extremely often,1,No difference,3,Afternoon,2,more than 4 hours,6,Reality shows,9,Relaxing,3,TV,2,10,,,,,,,,,,332,Good,4,,,,,,,,,,,,,,,,,,,,,,,,,,,,,,,,,,,,,,,,,,,,,,,,,,,,,,,,1 2 3 4 8 6 5 7 9 10 12 11 13 25 20 26 16 18 17 24 22 19 15 14 27 23 21 28 
A1PGU0IWYPUSQ5,Yes,02.07.2018,08:16:41,02.07.2018,08:29:39,117,27,Male,2,25-34 years old,4,America,1,Science and technology,5,90,Paid streaming video services,2,Extremely often,1,No difference,3,Afternoon,2,more than 4 hours,6,Thriller,8,Relaxing,3,Tablet,1,200,14,Fair,3,15,Excellent,5,11,Excellent,5,21,Excellent,5,3,64,Excellent,5,12,Poor,2,14,Good,4,12,Fair,3,11,Excellent,5,13,Fair,3,12,Fair,3,11,Good,4,16,Good,4,14,Good,4,10,Good,4,14,Excellent,5,12,Good,4,11,Good,4,16,Excellent,5,12,Excellent,5,12,Fair,3,14,Good,4,1 2 3 4 8 6 7 5 9 13 12 10 11 22 15 19 14 17 27 26 25 18 16 21 23 24 20 28 
A1PTH9KTRO06EG,Yes,02.07.2018,08:40:05,02.07.2018,08:44:41,4,9,Male,2,18-24 years old,3,America,1,Other field,10,14,Free streaming video services,1,Moderately often,3,No difference,3,Afternoon,2,more than 30 minutes but less than an hour,2,Coemdy,6,Relaxing,3,Phone,4,6,9,Fair,3,10,Good,4,16,Good,4,10,Excellent,5,2,10,Excellent,5,10,Fair,3,12,Good,4,11,Good,4,11,Good,4,10,Fair,3,14,Good,4,11,Good,4,10,Good,4,10,Excellent,5,11,Good,4,10,Good,4,10,Good,4,10,Good,4,12,Good,4,10,Good,4,13,Good,4,11,Good,4,1 2 3 4 6 5 7 8 9 13 10 12 11 20 15 27 17 26 18 14 21 19 23 16 22 24 25 28 
A1QA5EWFMNKGTA,Yes,02.07.2018,08:33:18,02.07.2018,08:43:57,22,20,Male,2,25-34 years old,4,America,1,Science and technology,5,13,Paid streaming video services,2,Extremely often,1,On weekends,2,Afternoon,2,more than 3 hours but less than 4 hours,5,Coemdy,6,Relaxing,3,TV,2,8,26,Fair,3,13,Poor,2,10,Excellent,5,13,Good,4,3,163,Excellent,5,12,Poor,2,12,Good,4,16,Good,4,126,Good,4,14,Poor,2,12,Fair,3,12,Good,4,20,Good,4,11,Good,4,23,Excellent,5,14,Good,4,10,Good,4,15,Good,4,14,Excellent,5,13,Good,4,10,Fair,3,14,Good,4,1 2 3 4 8 6 5 7 9 10 13 11 12 27 26 14 25 21 17 15 23 24 16 18 19 20 22 28 
A1QEQOI98976S0,Yes,02.07.2018,08:33:46,02.07.2018,08:41:02,6,10,Male,2,25-34 years old,4,America,1,Arts and entertainment,1,31,Paid streaming video services,2,Extremely often,1,No difference,3,Afternoon,2,more than 2 hours but less than 3 hours,4,Documentary,14,Surfing in the web,1,TV,2,4,22,Fair,3,15,Good,4,14,Good,4,13,Excellent,5,4,36,Good,4,14,Good,4,14,Good,4,13,Fair,3,16,Poor,2,12,Poor,2,13,Fair,3,12,Fair,3,23,Poor,2,27,Good,4,13,Good,4,11,Good,4,41,Poor,2,13,Fair,3,15,Fair,3,13,Good,4,19,Poor,2,12,Fair,3,1 2 3 4 8 5 7 6 9 13 10 11 12 19 15 26 24 25 18 20 22 14 17 21 23 27 16 28 
A1QRGVE005067Q,Yes,02.07.2018,08:47:57,02.07.2018,08:54:37,22,11,Male,2,25-34 years old,4,America,1,Science and technology,5,41,Paid streaming video services,2,Moderately often,3,On weekends,2,Afternoon,2,more than 30 minutes but less than an hour,2,Coemdy,6,Relaxing,3,Phone,4,8,11,Good,4,12,Excellent,5,11,Excellent,5,11,Excellent,5,4,46,Excellent,5,15,Bad,1,12,Excellent,5,12,Fair,3,12,Good,4,10,Bad,1,11,Fair,3,11,Good,4,32,Excellent,5,11,Good,4,10,Excellent,5,11,Excellent,5,10,Poor,2,11,Good,4,15,Excellent,5,11,Excellent,5,17,Excellent,5,12,Good,4,1 2 3 4 5 6 8 7 9 12 13 11 10 16 15 18 24 26 27 25 21 22 20 17 23 19 14 28 
A1S01OX64YZW4J,No,02.07.2018,08:32:24,02.07.2018,08:36:57,4,9,Female,1,25-34 years old,4,America,1,Service,7,12,Free streaming video services,1,Moderately often,3,During the week,1,Afternoon,2,more than 2 hours but less than 3 hours,4,Coemdy,6,Surfing in the web,1,TV,2,3,10,Poor,2,13,Fair,3,12,Poor,2,12,Poor,2,3,12,Bad,1,23,Bad,1,13,Excellent,5,12,Good,4,16,Good,4,12,Bad,1,14,Poor,2,14,Good,4,,,,13,Bad,1,,,,12,Excellent,5,14,Fair,3,,,,,,,,,,13,Good,4,27,Poor,2,1 2 3 4 5 7 8 6 9 11 10 13 12 26 22 17 14 27 16 21 19 15 20 23 18 24 25 28 
A1V9G7V6ZYACIR,Yes,02.07.2018,08:55:25,02.07.2018,09:02:39,4,13,Male,2,25-34 years old,4,America,1,Science and technology,5,49,Free streaming video services,1,Moderately often,3,During the week,1,Afternoon,2,more than 30 minutes but less than an hour,2,Game shows,2,Relaxing,3,Laptop,3,2,11,Fair,3,30,Good,4,30,Good,4,10,Good,4,2,57,Poor,2,40,Bad,1,15,Fair,3,10,Fair,3,12,Good,4,11,Poor,2,12,Poor,2,10,Good,4,10,Excellent,5,10,Good,4,11,Fair,3,10,Fair,3,9,Fair,3,10,Fair,3,13,Good,4,11,Fair,3,22,Bad,1,10,Fair,3,1 2 3 4 7 5 8 6 9 11 12 13 10 26 16 20 15 27 18 22 24 25 17 14 19 21 23 28 
A1XP28Y55SEQPJ,No,02.07.2018,08:33:21,02.07.2018,08:52:12,7,20,Male,2,25-34 years old,4,America,1,Business,2,61,Free streaming video services,1,Moderately often,3,On weekends,2,Morning,1,30 minutes or less,1,Sports,1,Cooking,4,Laptop,3,12,24,Good,4,22,Excellent,5,19,Excellent,5,31,Good,4,6,509,Good,4,42,Excellent,5,45,Good,4,28,Excellent,5,,,,,,,,,,,,,49,Excellent,5,22,Excellent,5,,,,,,,15,Good,4,,,,41,Good,4,178,Excellent,5,,,,,,,1 2 3 4 8 5 6 7 9 12 11 10 13 18 25 24 19 22 16 27 14 20 15 26 17 23 21 28 
A1Y9VA9FKJLS5K,Yes,02.07.2018,08:28:37,02.07.2018,08:33:52,7,11,Male,2,25-34 years old,4,America,1,Science and technology,5,20,Free streaming video services,1,Moderately often,3,No difference,3,Afternoon,2,more than 1 hour but less than 2 hours,3,Game shows,2,Relaxing,3,Laptop,3,3,11,Poor,2,11,Fair,3,12,Excellent,5,12,Good,4,3,13,Excellent,5,13,Poor,2,13,Good,4,17,Fair,3,11,Excellent,5,11,Bad,1,13,Fair,3,18,Good,4,13,Excellent,5,10,Excellent,5,10,Excellent,5,14,Good,4,11,Good,4,12,Excellent,5,12,Good,4,12,Good,4,11,Fair,3,11,Good,4,1 2 3 4 8 6 5 7 9 10 13 12 11 14 15 26 25 24 18 16 21 17 23 22 19 20 27 28 
A200B5666JH42R,Yes,02.07.2018,08:27:46,02.07.2018,08:35:43,5,12,Male,2,25-34 years old,4,America,1,Service,7,23,Free streaming video services,1,Moderately often,3,No difference,3,Afternoon,2,more than 1 hour but less than 2 hours,3,Action/adventure,11,Relaxing,3,Laptop,3,2,11,Fair,3,14,Fair,3,12,Good,4,20,Good,4,2,84,Good,4,11,Poor,2,12,Fair,3,21,Fair,3,93,Good,4,11,Bad,1,12,Fair,3,11,Fair,3,20,Fair,3,10,Poor,2,16,Good,4,10,Fair,3,10,Poor,2,10,Fair,3,12,Fair,3,13,Fair,3,10,Poor,2,10,Fair,3,1 2 3 4 8 7 5 6 9 11 13 12 10 25 24 22 26 18 23 14 20 27 16 17 15 19 21 28 
A22HREFDIY7AZN,Yes,02.07.2018,08:19:54,02.07.2018,08:28:49,5,16,Female,1,25-34 years old,4,America,1,Other field,10,31,Free streaming video services,1,Slightly often,4,On weekends,2,Afternoon,2,more than 1 hour but less than 2 hours,3,Documentary,14,Relaxing,3,Laptop,3,19,12,Poor,2,33,Excellent,5,13,Excellent,5,27,Excellent,5,3,17,Excellent,5,20,Fair,3,23,Excellent,5,21,Good,4,17,Excellent,5,62,Fair,3,32,Poor,2,21,Excellent,5,15,Excellent,5,15,Fair,3,16,Excellent,5,26,Excellent,5,18,Poor,2,14,Excellent,5,15,Excellent,5,11,Excellent,5,16,Excellent,5,17,Excellent,5,1 2 3 4 6 7 8 5 9 11 13 12 10 27 26 18 24 16 15 19 25 20 22 14 17 21 23 28 
A256FHXGSY0E5D,Yes,02.07.2018,08:21:42,02.07.2018,08:27:04,20,10,Male,2,25-34 years old,4,America,1,Science and technology,5,40,Paid streaming video services,2,Extremely often,1,During the week,1,Afternoon,2,more than 3 hours but less than 4 hours,5,Science-Fiction,3,Relaxing,3,TV,2,3,12,Fair,3,9,Fair,3,14,Fair,3,12,Good,4,2,12,Good,4,10,Bad,1,16,Good,4,12,Poor,2,10,Good,4,9,Bad,1,11,Poor,2,11,Good,4,13,Poor,2,10,Fair,3,11,Fair,3,10,Good,4,10,Poor,2,12,Good,4,11,Fair,3,12,Good,4,10,Poor,2,10,Good,4,1 2 3 4 5 8 6 7 9 12 13 10 11 14 16 26 21 19 20 25 18 17 22 15 23 24 27 28 
A267GLM78AMQ75,Yes,02.07.2018,08:23:12,02.07.2018,08:31:09,8,11,Male,2,25-34 years old,4,America,1,Other field,10,13,Paid streaming video services,2,Very often,2,No difference,3,Afternoon,2,more than 2 hours but less than 3 hours,4,Sports,1,Relaxing,3,TV,2,167,13,Fair,3,15,Good,4,10,Excellent,5,11,Excellent,5,2,11,Excellent,5,9,Poor,2,13,Good,4,12,Good,4,11,Excellent,5,12,Poor,2,12,Fair,3,10,Excellent,5,13,Fair,3,12,Excellent,5,12,Excellent,5,12,Good,4,10,Good,4,14,Excellent,5,16,Good,4,24,Good,4,13,Good,4,11,Good,4,1 2 3 4 7 5 8 6 9 11 10 12 13 25 20 16 26 14 22 19 23 24 17 27 18 21 15 28 
A27CEAL8PWSAG5,No,02.07.2018,08:40:12,02.07.2018,08:40:16,4,,,,,,,,,,,,,,,,,,,,,,,,,,,,,,,,,,,,,,,,,,,,,,,,,,,,,,,,,,,,,,,,,,,,,,,,,,,,,,,,,,,,,,,,,,,,,,,1 2 3 4 8 7 6 5 9 10 11 13 12 18 17 21 20 16 27 14 26 23 25 24 19 22 15 28 
A299V42H14TK2J,Yes,02.07.2018,08:17:49,02.07.2018,08:32:21,6,17,Male,2,25-34 years old,4,America,1,Science and technology,5,41,Free streaming video services,1,Very often,2,During the week,1,Afternoon,2,30 minutes or less,1,Sports,1,Relaxing,3,Phone,4,6,15,Good,4,33,Good,4,47,Excellent,5,36,Excellent,5,7,235,Good,4,18,Good,4,38,Fair,3,19,Fair,3,15,Good,4,16,Fair,3,35,Good,4,42,Good,4,27,Good,4,17,Fair,3,58,Good,4,23,Good,4,16,Fair,3,13,Good,4,17,Good,4,29,Excellent,5,18,Good,4,28,Good,4,1 2 3 4 5 8 7 6 9 10 11 13 12 17 25 14 23 18 16 27 20 26 15 22 19 24 21 28 
A2BC4S4LVBQ3OV,Yes,02.07.2018,08:16:47,02.07.2018,08:25:26,5,18,Female,1,35-44 years old,5,America,1,Arts and entertainment,1,49,Paid streaming video services,2,Extremely often,1,No difference,3,Afternoon,2,more than 4 hours,6,Horror,13,Relaxing,3,TV,2,14,18,Fair,3,14,Fair,3,17,Excellent,5,15,Excellent,5,3,67,Good,4,15,Bad,1,21,Fair,3,17,Poor,2,13,Fair,3,13,Bad,1,27,Poor,2,13,Fair,3,13,Fair,3,23,Fair,3,27,Good,4,17,Fair,3,12,Poor,2,20,Good,4,21,Fair,3,20,Good,4,14,Fair,3,13,Fair,3,1 2 3 4 5 8 7 6 9 10 11 13 12 23 19 15 14 27 21 20 26 16 18 17 24 22 25 28 
A2BFBI7Z1T4AU2,Yes,02.07.2018,08:31:41,02.07.2018,08:41:29,9,32,Male,2,18-24 years old,3,America,1,Service,7,44,Free streaming video services,1,Very often,2,During the week,1,Afternoon,2,more than 2 hours but less than 3 hours,4,Romance,12,Studying,2,Laptop,3,7,13,Good,4,18,Good,4,99,Poor,2,14,Good,4,5,31,Good,4,15,Good,4,38,Good,4,17,Good,4,19,Good,4,19,Good,4,15,Good,4,15,Good,4,25,Good,4,16,Good,4,17,Good,4,21,Good,4,15,Good,4,17,Good,4,14,Good,4,19,Good,4,17,Good,4,17,Good,4,1 2 3 4 7 8 5 6 9 12 10 13 11 26 23 19 17 21 16 15 25 20 18 27 24 14 22 28 
A2BK1NV14R38G4,Yes,02.07.2018,08:16:40,02.07.2018,08:32:55,10,12,Male,2,45-54 years old,6,America,1,Other field,10,36,Paid streaming video services,2,Very often,2,No difference,3,Afternoon,2,more than 4 hours,6,Sports,1,Surfing in the web,1,Laptop,3,10,10,Fair,3,49,Good,4,21,Excellent,5,64,Poor,2,4,245,Excellent,5,51,Bad,1,38,Good,4,30,Fair,3,10,Excellent,5,11,Poor,2,26,Fair,3,11,Good,4,11,Good,4,30,Fair,3,46,Good,4,11,Excellent,5,71,Fair,3,27,Good,4,41,Good,4,16,Excellent,5,47,Good,4,37,Good,4,1 2 3 4 7 5 8 6 9 10 13 12 11 27 22 24 20 19 26 15 16 18 17 21 23 25 14 28 
A2C4DECT56EX5B,Yes,02.07.2018,08:45:34,02.07.2018,09:13:43,9,37,Male,2,25-34 years old,4,America,1,Arts and entertainment,1,78,Free streaming video services,1,Very often,2,On weekends,2,Morning,1,more than 2 hours but less than 3 hours,4,Sports,1,Travelling,6,Laptop,3,17,262,Fair,3,18,Good,4,32,Fair,3,23,Fair,3,5,22,Good,4,60,Fair,3,24,Good,4,17,Good,4,43,Good,4,19,Fair,3,55,Good,4,45,Good,4,28,Fair,3,21,Fair,3,68,Good,4,20,Good,4,16,Good,4,25,Good,4,75,Good,4,19,Excellent,5,18,Good,4,633,Good,4,1 2 3 4 5 7 8 6 9 12 11 10 13 18 19 20 14 24 26 25 22 15 27 16 23 21 17 28 
A2DL00FVCOBYHJ,Yes,02.07.2018,08:43:51,02.07.2018,08:52:11,25,20,Male,2,45-54 years old,6,America,1,Industrial and manufacturing,3,26,Free streaming video services,1,Moderately often,3,During the week,1,Morning,1,more than 30 minutes but less than an hour,2,Game shows,2,Travelling,6,TV,2,23,15,Fair,3,21,Fair,3,16,Fair,3,25,Fair,3,6,32,Good,4,19,Excellent,5,20,Good,4,19,Good,4,18,Good,4,12,Good,4,26,Good,4,15,Good,4,18,Good,4,19,Good,4,19,Good,4,14,Good,4,13,Fair,3,14,Good,4,17,Fair,3,17,Fair,3,13,Good,4,18,Good,4,1 2 3 4 6 7 5 8 9 10 11 13 12 20 19 26 22 27 24 15 21 17 16 18 14 25 23 28 
A2I6ZS386UJVJE,Yes,02.07.2018,08:16:58,02.07.2018,08:25:55,18,29,Female,1,35-44 years old,5,America,1,Business,2,61,Paid streaming video services,2,Very often,2,On weekends,2,Afternoon,2,more than 30 minutes but less than an hour,2,Thriller,8,Relaxing,3,TV,2,25,12,Fair,3,20,Fair,3,19,Excellent,5,12,Excellent,5,4,16,Excellent,5,47,Poor,2,15,Fair,3,20,Good,4,13,Excellent,5,11,Poor,2,12,Fair,3,13,Good,4,14,Fair,3,25,Fair,3,11,Good,4,17,Excellent,5,47,Fair,3,11,Excellent,5,15,Excellent,5,20,Excellent,5,18,Fair,3,12,Good,4,1 2 3 4 7 6 8 5 9 12 10 13 11 15 18 27 17 14 23 24 21 20 16 22 19 26 25 28 
A2LF84L3K71GR2,Yes,02.07.2018,08:21:57,02.07.2018,08:34:24,8,18,Female,1,35-44 years old,5,America,1,Other field,10,51,Free streaming video services,1,Extremely often,1,No difference,3,Afternoon,2,more than 2 hours but less than 3 hours,4,Documentary,14,Surfing in the web,1,Phone,4,25,20,Fair,3,32,Good,4,22,Excellent,5,37,Excellent,5,3,164,Excellent,5,27,Fair,3,20,Excellent,5,25,Good,4,16,Excellent,5,21,Poor,2,23,Fair,3,14,Fair,3,13,Good,4,30,Good,4,35,Good,4,18,Excellent,5,17,Good,4,19,Excellent,5,27,Excellent,5,25,Excellent,5,14,Fair,3,23,Excellent,5,1 2 3 4 7 6 5 8 9 11 10 13 12 22 16 19 15 21 20 26 27 18 23 24 17 14 25 28 
A2LMQ4497NMK3S,Yes,02.07.2018,08:16:47,02.07.2018,08:24:10,56,14,Male,2,35-44 years old,5,America,1,Service,7,43,Paid streaming video services,2,Moderately often,3,No difference,3,Afternoon,2,more than 1 hour but less than 2 hours,3,Drama,4,Relaxing,3,Laptop,3,25,13,Poor,2,14,Fair,3,14,Excellent,5,14,Excellent,5,3,35,Good,4,12,Poor,2,12,Good,4,12,Poor,2,20,Good,4,11,Poor,2,12,Fair,3,14,Good,4,12,Good,4,11,Fair,3,13,Good,4,11,Excellent,5,12,Fair,3,13,Good,4,12,Good,4,13,Fair,3,11,Fair,3,11,Good,4,1 2 3 4 5 7 8 6 9 13 12 11 10 22 14 18 17 23 20 15 25 16 19 21 27 24 26 28 
A2LR1HKNOVDTJ8,Yes,02.07.2018,08:18:42,02.07.2018,08:26:09,8,19,Male,2,45-54 years old,6,America,1,Business,2,54,Free streaming video services,1,Very often,2,No difference,3,Afternoon,2,more than 4 hours,6,Sports,1,Relaxing,3,Laptop,3,23,13,Fair,3,17,Excellent,5,12,Excellent,5,13,Excellent,5,3,66,Bad,1,13,Poor,2,13,Good,4,12,Fair,3,11,Good,4,12,Poor,2,12,Poor,2,12,Good,4,21,Good,4,16,Bad,1,15,Bad,1,11,Good,4,11,Fair,3,11,Fair,3,13,Good,4,12,Good,4,13,Fair,3,11,Fair,3,1 2 3 4 6 7 8 5 9 13 11 10 12 14 23 27 21 15 19 20 16 24 22 26 18 25 17 28 
A2NGL3AZ3P8W92,Yes,02.07.2018,08:16:50,02.07.2018,08:34:46,76,20,Masculino,2,25-34 años de edad,4,America,1,Negocio,2,48,Servicios gratuitos de transmisión de video,1,Ligeramente a menudo,4,Ninguna diferencia,3,Tarde,2,30 minutos o menos,1,Horror,13,Relajante,3,televisión,2,64,42,Justa,3,31,Justa,3,27,Excelente,5,27,Pobre,2,5,107,Justa,3,23,Pobre,2,26,Justa,3,67,Justa,3,14,Justa,3,61,Malo,1,28,Justa,3,23,Justa,3,65,Justa,3,44,Pobre,2,26,Justa,3,29,Justa,3,67,Justa,3,29,Pobre,2,51,Justa,3,25,Justa,3,13,Justa,3,38,Justa,3,1 2 3 4 5 7 8 6 9 13 12 10 11 18 23 15 24 22 19 20 14 25 16 27 17 26 21 28 
A2PCEPENC8WER7,Yes,02.07.2018,08:38:43,02.07.2018,08:47:14,5,30,Male,2,25-34 years old,4,America,1,Business,2,46,Free streaming video services,1,Extremely often,1,On weekends,2,Afternoon,2,more than 1 hour but less than 2 hours,3,Coemdy,6,Relaxing,3,Laptop,3,8,12,Good,4,22,Excellent,5,21,Good,4,25,Good,4,20,18,Excellent,5,14,Good,4,15,Excellent,5,15,Good,4,19,Excellent,5,15,Good,4,16,Good,4,13,Excellent,5,18,Good,4,14,Good,4,14,Excellent,5,13,Excellent,5,15,Good,4,26,Good,4,34,Good,4,25,Good,4,13,Excellent,5,25,Good,4,1 2 3 4 8 7 6 5 9 11 13 12 10 16 18 26 19 14 15 17 27 24 25 22 23 20 21 28 
A2PE39LJ9738IY,Yes,02.07.2018,08:39:11,02.07.2018,08:50:16,5,48,Male,2,25-34 years old,4,America,1,Business,2,79,Free streaming video services,1,Very often,2,On weekends,2,Afternoon,2,more than 30 minutes but less than an hour,2,Science-Fiction,3,Studying,2,Laptop,3,18,17,Good,4,17,Fair,3,35,Good,4,24,Good,4,11,19,Good,4,19,Good,4,23,Good,4,24,Good,4,16,Good,4,28,Fair,3,16,Fair,3,19,Good,4,19,Excellent,5,22,Good,4,16,Good,4,73,Fair,3,23,Good,4,17,Poor,2,21,Good,4,19,Good,4,19,Good,4,18,Good,4,1 2 3 4 7 6 5 8 9 11 13 10 12 25 23 15 26 19 22 21 14 18 24 20 16 27 17 28 
A2R9OK4M877ZCC,Yes,02.07.2018,08:28:13,02.07.2018,08:34:39,2,10,Male,2,25-34 years old,4,America,1,Service,7,21,Paid streaming video services,2,Extremely often,1,No difference,3,Afternoon,2,more than 3 hours but less than 4 hours,5,Coemdy,6,Surfing in the web,1,TV,2,3,13,Fair,3,16,Good,4,11,Excellent,5,12,Excellent,5,2,19,Excellent,5,23,Poor,2,12,Excellent,5,14,Excellent,5,16,Excellent,5,23,Poor,2,12,Fair,3,26,Good,4,12,Good,4,13,Good,4,11,Good,4,16,Excellent,5,13,Excellent,5,16,Excellent,5,13,Excellent,5,14,Excellent,5,25,Excellent,5,18,Excellent,5,1 2 3 4 5 6 7 8 9 12 11 13 10 26 16 27 14 22 21 17 18 23 19 24 25 15 20 28 
A2TBXASXZIRNNW,Yes,02.07.2018,08:25:27,02.07.2018,08:33:17,11,8,Male,2,25-34 years old,4,America,1,Other field,10,17,Free streaming video services,1,Extremely often,1,During the week,1,Afternoon,2,more than 2 hours but less than 3 hours,4,News,7,Relaxing,3,Laptop,3,2,10,Bad,1,55,Good,4,11,Excellent,5,11,Excellent,5,3,54,Excellent,5,19,Bad,1,19,Poor,2,33,Bad,1,14,Excellent,5,18,Bad,1,15,Poor,2,12,Excellent,5,18,Fair,3,13,Excellent,5,14,Fair,3,13,Excellent,5,16,Fair,3,19,Good,4,18,Good,4,15,Excellent,5,15,Poor,2,17,Fair,3,1 2 3 4 6 7 5 8 9 10 13 12 11 19 27 15 22 14 24 25 26 18 16 17 21 20 23 28 
A2TI9CGVG147MZ,Yes,02.07.2018,08:23:43,02.07.2018,08:29:31,5,11,Female,1,45-54 years old,6,America,1,Industrial and manufacturing,3,22,Paid streaming video services,2,Extremely often,1,No difference,3,Afternoon,2,more than 2 hours but less than 3 hours,4,Action/adventure,11,Relaxing,3,TV,2,3,12,Good,4,13,Good,4,11,Excellent,5,14,Excellent,5,3,17,Good,4,13,Fair,3,16,Excellent,5,13,Excellent,5,14,Excellent,5,19,Poor,2,12,Good,4,12,Excellent,5,13,Excellent,5,13,Excellent,5,16,Good,4,15,Excellent,5,14,Good,4,14,Excellent,5,13,Excellent,5,16,Excellent,5,12,Excellent,5,12,Excellent,5,1 2 3 4 6 5 8 7 9 11 12 10 13 20 16 22 25 23 15 18 17 26 27 24 21 19 14 28 
A2U5HAXPAFPPA6,Yes,02.07.2018,09:06:38,02.07.2018,09:15:15,8,17,Male,2,25-34 years old,4,America,1,Service,7,48,Paid streaming video services,2,Very often,2,On weekends,2,Afternoon,2,more than 2 hours but less than 3 hours,4,Action/adventure,11,Relaxing,3,TV,2,22,18,Fair,3,18,Fair,3,12,Good,4,15,Good,4,4,58,Bad,1,17,Bad,1,24,Poor,2,17,Fair,3,13,Good,4,12,Bad,1,16,Poor,2,19,Bad,1,18,Excellent,5,13,Fair,3,28,Bad,1,13,Excellent,5,17,Excellent,5,16,Excellent,5,17,Excellent,5,19,Excellent,5,19,Excellent,5,19,Excellent,5,1 2 3 4 6 7 5 8 9 11 10 12 13 22 16 24 27 15 17 23 20 18 14 26 25 21 19 28 
A2V9WQ4ZG1NUNP,Yes,02.07.2018,08:24:41,02.07.2018,08:31:55,3,7,Female,1,18-24 years old,3,America,1,Industrial and manufacturing,3,51,Paid streaming video services,2,Extremely often,1,During the week,1,Morning,1,more than 1 hour but less than 2 hours,3,Science-Fiction,3,Relaxing,3,TV,2,4,10,Fair,3,17,Excellent,5,26,Excellent,5,14,Excellent,5,4,13,Excellent,5,14,Fair,3,15,Good,4,12,Fair,3,13,Excellent,5,28,Fair,3,12,Excellent,5,20,Excellent,5,16,Excellent,5,24,Excellent,5,10,Excellent,5,18,Excellent,5,18,Excellent,5,13,Excellent,5,19,Excellent,5,14,Good,4,14,Good,4,25,Good,4,1 2 3 4 7 6 5 8 9 11 10 13 12 23 18 20 14 25 16 19 22 26 21 17 27 24 15 28 
A2W3I2GBGDB637,No,02.07.2018,08:18:00,02.07.2018,08:26:45,21,63,Female,1,45-54 years old,6,America,1,Service,7,139,Paid streaming video services,2,Extremely often,1,No difference,3,Afternoon,2,more than 1 hour but less than 2 hours,3,Cooking,15,Relaxing,3,TV,2,17,16,Poor,2,17,Fair,3,17,Excellent,5,18,Good,4,4,17,Excellent,5,16,Bad,1,14,Good,4,21,Poor,2,,,,12,Poor,2,,,,15,Fair,3,11,Poor,2,15,Fair,3,16,Fair,3,12,Good,4,12,Poor,2,23,Good,4,17,Good,4,,,,12,Fair,3,,,,1 2 3 4 7 8 5 6 9 13 10 12 11 17 19 22 20 18 21 26 15 23 24 25 14 16 27 28 
A2WKN97R9EXE6B,Yes,02.07.2018,08:21:52,02.07.2018,08:33:29,5,9,Male,2,25-34 years old,4,America,1,Business,2,25,Free streaming video services,1,Very often,2,During the week,1,Afternoon,2,more than 3 hours but less than 4 hours,5,Coemdy,6,Relaxing,3,Laptop,3,6,26,Good,4,55,Good,4,14,Excellent,5,31,Excellent,5,6,90,Excellent,5,18,Fair,3,32,Good,4,23,Good,4,16,Excellent,5,12,Fair,3,24,Good,4,22,Good,4,37,Good,4,19,Good,4,22,Good,4,17,Good,4,30,Good,4,34,Good,4,53,Good,4,34,Good,4,17,Good,4,20,Good,4,1 2 3 4 6 5 8 7 9 13 10 12 11 16 24 19 14 18 20 27 25 26 17 21 22 15 23 28 
A2YRYS17DU3A8R,Yes,02.07.2018,08:27:14,02.07.2018,08:32:32,5,9,Female,1,25-34 years old,4,America,1,Arts and entertainment,1,28,Paid streaming video services,2,Extremely often,1,No difference,3,Afternoon,2,more than 1 hour but less than 2 hours,3,Thriller,8,Relaxing,3,TV,2,10,11,Good,4,10,Excellent,5,12,Excellent,5,12,Excellent,5,4,12,Good,4,12,Fair,3,11,Good,4,11,Fair,3,12,Fair,3,16,Poor,2,14,Fair,3,12,Fair,3,13,Good,4,13,Fair,3,10,Fair,3,11,Good,4,14,Fair,3,12,Fair,3,12,Fair,3,11,Good,4,10,Fair,3,11,Fair,3,1 2 3 4 7 8 5 6 9 12 13 11 10 17 22 23 18 19 15 16 20 14 24 26 25 21 27 28 
A2ZHSCEKPMUX9Y,Yes,02.07.2018,08:16:37,02.07.2018,08:24:16,8,18,Female,1,35-44 years old,5,America,1,Service,7,42,Free streaming video services,1,Slightly often,4,On weekends,2,Afternoon,2,more than 1 hour but less than 2 hours,3,Thriller,8,Relaxing,3,Laptop,3,15,14,Fair,3,18,Good,4,23,Good,4,17,Excellent,5,4,35,Good,4,16,Poor,2,17,Good,4,17,Fair,3,14,Excellent,5,13,Poor,2,15,Fair,3,16,Good,4,16,Good,4,15,Excellent,5,16,Excellent,5,13,Excellent,5,18,Good,4,16,Good,4,16,Excellent,5,19,Good,4,14,Good,4,14,Good,4,1 2 3 4 7 8 6 5 9 12 11 10 13 22 14 24 15 23 20 27 25 18 16 26 17 21 19 28 
A385F5ZBEV6GWD,Yes,02.07.2018,08:22:11,02.07.2018,08:29:05,11,11,Female,1,25-34 years old,4,America,1,Student,8,54,Free streaming video services,1,Very often,2,No difference,3,Afternoon,2,more than 3 hours but less than 4 hours,5,I don't know,16,Relaxing,3,Phone,4,21,12,Fair,3,17,Good,4,14,Excellent,5,12,Excellent,5,4,17,Excellent,5,13,Fair,3,13,Excellent,5,12,Good,4,13,Good,4,11,Poor,2,13,Fair,3,15,Fair,3,15,Fair,3,13,Good,4,14,Good,4,18,Excellent,5,13,Fair,3,27,Good,4,14,Excellent,5,14,Excellent,5,11,Fair,3,12,Good,4,1 2 3 4 6 5 8 7 9 12 11 10 13 17 24 20 26 19 25 21 18 16 27 15 22 14 23 28 
A38SOH8WNMFIV5,Yes,02.07.2018,08:16:33,02.07.2018,08:25:23,6,11,Male,2,35-44 years old,5,America,1,Unemployed,9,48,Paid streaming video services,2,Very often,2,No difference,3,Afternoon,2,more than 1 hour but less than 2 hours,3,Action/adventure,11,Relaxing,3,Laptop,3,14,13,Poor,2,24,Fair,3,14,Excellent,5,15,Excellent,5,4,68,Excellent,5,15,Bad,1,14,Excellent,5,13,Fair,3,34,Good,4,13,Bad,1,17,Poor,2,12,Fair,3,13,Fair,3,19,Poor,2,30,Excellent,5,16,Good,4,12,Fair,3,17,Excellent,5,17,Excellent,5,46,Excellent,5,12,Fair,3,13,Good,4,1 2 3 4 6 5 7 8 9 12 13 10 11 14 15 26 25 16 19 21 23 24 27 20 17 22 18 28 
A39Q4SNT7SRK94,Yes,02.07.2018,08:16:26,02.07.2018,08:23:11,2,10,Male,2,25-34 years old,4,America,1,Science and technology,5,21,Paid streaming video services,2,Extremely often,1,No difference,3,Afternoon,2,more than 1 hour but less than 2 hours,3,Coemdy,6,Relaxing,3,TV,2,3,20,Good,4,10,Excellent,5,10,Excellent,5,10,Excellent,5,2,97,Bad,1,15,Fair,3,12,Excellent,5,13,Fair,3,10,Excellent,5,10,Fair,3,15,Good,4,12,Excellent,5,20,Bad,1,14,Excellent,5,10,Excellent,5,10,Excellent,5,15,Fair,3,11,Excellent,5,10,Excellent,5,14,Excellent,5,11,Fair,3,18,Excellent,5,1 2 3 4 5 7 8 6 9 13 12 11 10 14 24 26 15 18 23 20 22 16 21 19 25 17 27 28 
A3CX8QU3BPJST2,Yes,02.07.2018,08:20:11,02.07.2018,08:29:06,12,33,Male,2,25-34 years old,4,America,1,Industrial and manufacturing,3,36,Paid streaming video services,2,Slightly often,4,On weekends,2,Afternoon,2,more than 3 hours but less than 4 hours,5,Coemdy,6,Relaxing,3,TV,2,5,16,Good,4,17,Good,4,32,Fair,3,32,Good,4,5,27,Excellent,5,19,Excellent,5,20,Good,4,18,Good,4,18,Excellent,5,19,Excellent,5,19,Excellent,5,20,Excellent,5,16,Excellent,5,13,Excellent,5,27,Excellent,5,17,Good,4,15,Good,4,17,Good,4,18,Good,4,27,Fair,3,16,Good,4,21,Good,4,1 2 3 4 8 7 5 6 9 13 11 10 12 27 20 23 15 17 14 19 22 16 24 21 18 26 25 28 
A3G6L97AX9KR7F,Yes,02.07.2018,08:41:12,02.07.2018,08:49:06,10,17,Male,2,25-34 years old,4,America,1,Other field,10,61,Free streaming video services,1,Very often,2,No difference,3,Afternoon,2,more than 1 hour but less than 2 hours,3,I don't know,16,Surfing in the web,1,Laptop,3,18,13,Poor,2,15,Fair,3,21,Fair,3,17,Fair,3,3,38,Fair,3,15,Poor,2,13,Fair,3,15,Poor,2,11,Fair,3,11,Poor,2,13,Poor,2,25,Fair,3,12,Fair,3,25,Fair,3,14,Fair,3,13,Fair,3,21,Poor,2,15,Fair,3,14,Fair,3,15,Fair,3,14,Poor,2,15,Poor,2,1 2 3 4 7 6 5 8 9 13 11 12 10 27 14 17 15 25 20 21 26 19 22 16 23 24 18 28 
A3IHMLPF4NAE9C,Yes,02.07.2018,08:16:54,02.07.2018,08:27:55,13,34,Male,2,35-44 years old,5,America,1,Industrial and manufacturing,3,99,Free streaming video services,1,Moderately often,3,No difference,3,Morning,1,more than 30 minutes but less than an hour,2,Sports,1,Relaxing,3,Phone,4,70,16,Fair,3,18,Fair,3,26,Good,4,17,Good,4,4,36,Fair,3,19,Poor,2,17,Fair,3,23,Fair,3,23,Good,4,28,Poor,2,16,Excellent,5,13,Good,4,34,Good,4,25,Excellent,5,15,Fair,3,21,Fair,3,15,Good,4,12,Good,4,22,Good,4,18,Good,4,11,Good,4,16,Fair,3,1 2 3 4 7 6 5 8 9 11 12 13 10 18 20 27 14 21 16 23 15 24 19 25 17 22 26 28 
A3ILC8ZGEH4O1F,Yes,02.07.2018,08:21:26,02.07.2018,08:34:36,30,90,Male,2,25-34 years old,4,America,1,Business,2,54,Free streaming video services,1,Moderately often,3,On weekends,2,Morning,1,more than 1 hour but less than 2 hours,3,Game shows,2,Relaxing,3,Tablet,1,18,32,Excellent,5,58,Good,4,19,Good,4,14,Good,4,5,15,Fair,3,43,Poor,2,33,Excellent,5,48,Excellent,5,19,Fair,3,18,Good,4,15,Good,4,17,Fair,3,96,Good,4,27,Good,4,22,Fair,3,16,Good,4,19,Good,4,16,Fair,3,15,Fair,3,18,Good,4,17,Excellent,5,16,Good,4,1 2 3 4 6 5 7 8 9 11 12 13 10 24 21 27 18 16 14 25 22 26 17 20 15 19 23 28 
A3OB6REG5CGHK1,Yes,02.07.2018,08:24:51,02.07.2018,08:32:42,5,15,Male,2,55-64 years old,7,America,1,Science and technology,5,33,Paid streaming video services,2,Extremely often,1,No difference,3,Afternoon,2,more than 4 hours,6,Science-Fiction,3,Relaxing,3,TV,2,7,12,Good,4,11,Good,4,16,Fair,3,23,Excellent,5,4,100,Excellent,5,12,Fair,3,14,Good,4,13,Good,4,11,Excellent,5,12,Good,4,16,Good,4,14,Excellent,5,15,Good,4,22,Excellent,5,11,Good,4,12,Excellent,5,12,Excellent,5,14,Good,4,15,Excellent,5,13,Excellent,5,11,Good,4,28,Good,4,1 2 3 4 8 5 6 7 9 11 13 10 12 25 19 14 23 17 15 22 24 26 18 16 21 20 27 28 
A3OTBPLEDIX235,Yes,02.07.2018,08:16:49,02.07.2018,08:29:41,7,17,Male,2,25-34 years old,4,America,1,Arts and entertainment,1,40,Free streaming video services,1,Extremely often,1,On weekends,2,Morning,1,30 minutes or less,1,Coemdy,6,Studying,2,Phone,4,22,29,Good,4,22,Good,4,22,Good,4,22,Excellent,5,10,28,Excellent,5,38,Good,4,67,Excellent,5,34,Good,4,20,Excellent,5,23,Excellent,5,31,Excellent,5,33,Good,4,30,Good,4,33,Excellent,5,24,Excellent,5,36,Good,4,32,Good,4,26,Excellent,5,26,Good,4,30,Good,4,28,Excellent,5,42,Good,4,1 2 3 4 5 6 8 7 9 12 11 13 10 17 25 19 27 22 20 24 15 21 18 14 26 16 23 28 
A3POD149IG0DIW,No,02.07.2018,08:35:32,02.07.2018,08:57:17,19,18,Female,1,25-34 years old,4,America,1,Healthcare and medicine,6,64,Free streaming video services,1,Slightly often,4,On weekends,2,Afternoon,2,more than 1 hour but less than 2 hours,3,Coemdy,6,Relaxing,3,Laptop,3,15,46,Excellent,5,54,Bad,1,63,Good,4,154,Bad,1,3,689,Fair,3,30,Poor,2,62,Good,4,88,Fair,3,,,,,,,,,,,,,,,,,,,,,,,,,,,,,,,,,,,,,,,,,,,1 2 3 4 8 7 5 6 9 12 11 13 10 18 21 14 16 19 17 27 15 23 20 25 22 26 24 28 
A3Q8C7JAAX3DGB,Yes,02.07.2018,08:33:09,02.07.2018,08:43:22,5,13,Male,2,25-34 years old,4,America,1,Healthcare and medicine,6,16,Free streaming video services,1,Moderately often,3,On weekends,2,Afternoon,2,more than 1 hour but less than 2 hours,3,Coemdy,6,Studying,2,Laptop,3,3,20,Good,4,31,Good,4,63,Fair,3,100,Excellent,5,3,38,Excellent,5,17,Good,4,24,Good,4,15,Fair,3,14,Excellent,5,23,Excellent,5,10,Good,4,55,Good,4,21,Excellent,5,17,Good,4,18,Excellent,5,14,Good,4,26,Poor,2,15,Good,4,13,Good,4,12,Good,4,11,Excellent,5,16,Excellent,5,1 2 3 4 5 6 7 8 9 12 10 11 13 17 18 19 26 22 25 14 20 23 15 21 27 24 16 28 
A3T4CNT9D61FGR,Yes,02.07.2018,08:37:43,02.07.2018,08:48:45,16,33,Male,2,35-44 years old,5,America,1,Student,8,125,Free streaming video services,1,Moderately often,3,On weekends,2,Afternoon,2,more than 1 hour but less than 2 hours,3,Sports,1,Studying,2,Laptop,3,10,21,Good,4,20,Good,4,31,Good,4,26,Good,4,8,85,Good,4,17,Good,4,24,Good,4,21,Good,4,14,Good,4,15,Good,4,18,Good,4,13,Good,4,14,Good,4,15,Good,4,16,Good,4,15,Good,4,14,Good,4,21,Good,4,16,Good,4,23,Good,4,17,Good,4,14,Good,4,1 2 3 4 7 5 8 6 9 13 10 11 12 25 16 23 26 19 15 17 14 20 21 24 18 27 22 28 
A5T9IFDZ3W4T6,Yes,02.07.2018,08:22:31,02.07.2018,08:30:18,9,11,Male,2,25-34 years old,4,America,1,Student,8,46,Free streaming video services,1,Very often,2,No difference,3,Afternoon,2,more than 1 hour but less than 2 hours,3,Sports,1,Surfing in the web,1,TV,2,14,24,Fair,3,12,Good,4,16,Excellent,5,13,Good,4,3,15,Good,4,17,Poor,2,17,Good,4,15,Fair,3,13,Good,4,15,Poor,2,28,Fair,3,11,Fair,3,13,Fair,3,20,Good,4,29,Good,4,11,Excellent,5,13,Fair,3,22,Good,4,18,Good,4,22,Good,4,14,Fair,3,26,Good,4,1 2 3 4 7 8 6 5 9 10 12 11 13 16 27 20 23 24 19 15 26 18 25 14 22 17 21 28 
A7HO8U70MUTUG,No,02.07.2018,08:32:16,03.07.2018,03:54:27,38,18,Female,1,18-24 years old,3,Europe,2,Industrial and manufacturing,3,12,Free streaming video services,1,Extremely often,1,On weekends,2,Afternoon,2,more than 30 minutes but less than an hour,2,Game shows,2,Studying,2,TV,2,4,26269,Excellent,5,30,Excellent,5,15,Fair,3,14,Excellent,5,3,108,Excellent,5,,,,20,Excellent,5,,,,,,,,,,,,,,,,,,,,,,,,,,,,,,,,,,,,,,,,,,,,,,1 2 3 4 6 5 8 7 9 10 12 11 13 18 14 24 15 27 20 25 17 21 26 22 16 19 23 28 
A7MTKYSUBNLFF,Yes,02.07.2018,09:14:06,02.07.2018,09:23:55,10,41,Male,2,25-34 years old,4,America,1,Arts and entertainment,1,42,Paid streaming video services,2,Moderately often,3,No difference,3,Afternoon,2,more than 30 minutes but less than an hour,2,I don't know,16,Relaxing,3,Laptop,3,12,17,Poor,2,14,Fair,3,15,Fair,3,13,Fair,3,3,62,Good,4,12,Poor,2,19,Fair,3,15,Poor,2,13,Good,4,14,Poor,2,13,Fair,3,19,Fair,3,91,Fair,3,13,Fair,3,12,Good,4,44,Fair,3,14,Fair,3,15,Fair,3,20,Fair,3,15,Fair,3,11,Poor,2,20,Fair,3,1 2 3 4 5 6 7 8 9 11 10 12 13 26 25 20 21 23 18 17 15 16 27 19 14 24 22 28 
A876Q32QMWTUF,Yes,02.07.2018,08:17:06,02.07.2018,08:25:16,6,16,Male,2,35-44 years old,5,Europe,2,Industrial and manufacturing,3,23,Free streaming video services,1,Moderately often,3,During the week,1,Afternoon,2,more than 1 hour but less than 2 hours,3,Sports,1,Studying,2,Laptop,3,6,15,Fair,3,17,Good,4,15,Good,4,16,Excellent,5,5,94,Bad,1,17,Poor,2,18,Fair,3,19,Fair,3,13,Good,4,13,Fair,3,15,Good,4,23,Fair,3,23,Excellent,5,15,Good,4,13,Good,4,14,Fair,3,13,Fair,3,15,Good,4,18,Good,4,17,Poor,2,15,Good,4,16,Poor,2,1 2 3 4 6 5 7 8 9 13 10 11 12 25 27 23 15 24 26 22 18 20 17 19 14 21 16 28 
A9ZCY6FLUCIU1,Yes,02.07.2018,08:20:23,02.07.2018,08:25:30,3,9,Female,1,35-44 years old,5,America,1,Business,2,21,Paid streaming video services,2,Extremely often,1,No difference,3,Afternoon,2,more than 2 hours but less than 3 hours,4,Drama,4,Surfing in the web,1,Laptop,3,3,18,Fair,3,13,Fair,3,11,Excellent,5,11,Excellent,5,3,13,Good,4,13,Good,4,13,Good,4,12,Fair,3,12,Good,4,11,Good,4,12,Good,4,13,Fair,3,11,Good,4,13,Good,4,12,Good,4,10,Fair,3,11,Fair,3,15,Fair,3,11,Fair,3,11,Fair,3,11,Fair,3,11,Fair,3,1 2 3 4 6 7 8 5 9 11 12 10 13 23 21 22 18 25 17 24 16 26 14 27 20 15 19 28 
AD8JNBDMO3NED,Yes,02.07.2018,08:16:44,02.07.2018,08:22:38,3,8,Male,2,18-24 years old,3,America,1,Science and technology,5,37,Free streaming video services,1,Slightly often,4,On weekends,2,Afternoon,2,more than 1 hour but less than 2 hours,3,Action/adventure,11,Cooking,4,TV,2,23,11,Poor,2,11,Good,4,15,Fair,3,13,Fair,3,11,12,Good,4,12,Bad,1,11,Fair,3,11,Poor,2,12,Excellent,5,16,Bad,1,11,Fair,3,12,Poor,2,12,Fair,3,11,Poor,2,11,Fair,3,11,Good,4,21,Poor,2,12,Fair,3,12,Fair,3,12,Good,4,11,Poor,2,12,Fair,3,1 2 3 4 7 5 6 8 9 12 10 13 11 24 27 15 23 21 18 19 22 20 25 16 17 26 14 28 
ADHUJSKTI0UQA,Yes,02.07.2018,08:27:10,02.07.2018,08:42:16,54,11,Masculino,2,25-34 años de edad,4,America,1,Ciencia y Tecnología,5,35,Servicios pagados de transmisión de video,2,Muy a menudo,2,En los fines de semana,2,Tarde,2,más de 1 hora pero menos de 2 horas,3,Ciencia ficción,3,Navegando en la web,1,televisión,2,6,45,Bueno,4,20,Bueno,4,26,Excelente,5,72,Excelente,5,24,254,Excelente,5,50,Excelente,5,45,Excelente,5,18,Good,4,17,Bueno,4,13,Bueno,4,24,Excelente,5,15,Justa,3,23,Bueno,4,36,Excelente,5,14,Excellent,5,13,Excelente,5,14,Justa,3,11,Bueno,4,15,Bueno,4,11,Excelente,5,21,Bueno,4,19,Excelente,5,1 2 3 4 5 7 8 6 9 12 11 10 13 16 18 19 25 24 21 26 20 27 14 17 23 15 22 28 
AJ7MWBQFNH3E4,Yes,02.07.2018,08:33:01,02.07.2018,08:39:16,10,13,Female,1,25-34 years old,4,America,1,Other field,10,29,Paid streaming video services,2,Slightly often,4,No difference,3,Afternoon,2,30 minutes or less,1,Musical,10,Relaxing,3,Phone,4,15,13,Good,4,28,Fair,3,11,Good,4,15,Good,4,3,14,Good,4,12,Bad,1,12,Fair,3,12,Fair,3,10,Fair,3,13,Poor,2,11,Fair,3,11,Fair,3,15,Good,4,15,Good,4,10,Good,4,11,Fair,3,12,Fair,3,10,Good,4,12,Good,4,14,Good,4,10,Good,4,34,Good,4,1 2 3 4 6 5 8 7 9 12 11 13 10 25 27 16 15 24 19 21 18 22 17 23 20 14 26 28 
AJYS2S6A21J19,Yes,02.07.2018,08:29:06,02.07.2018,09:01:13,46,14,Female,1,35-44 years old,5,America,1,Industrial and manufacturing,3,31,Free streaming video services,1,Extremely often,1,During the week,1,Morning,1,more than 2 hours but less than 3 hours,4,Talk shows,5,Studying,2,Laptop,3,924,16,Excellent,5,14,Good,4,401,Excellent,5,198,Excellent,5,3,13,Good,4,13,Fair,3,18,Poor,2,16,Bad,1,13,Fair,3,17,Poor,2,13,Good,4,16,Good,4,19,Good,4,15,Poor,2,16,Excellent,5,14,Fair,3,12,Poor,2,15,Fair,3,26,Good,4,18,Good,4,13,Poor,2,13,Poor,2,1 2 3 4 7 8 5 6 9 13 12 10 11 20 21 26 14 18 16 15 24 25 19 22 23 17 27 28 
AKJ22H1NTVIQX,Yes,02.07.2018,08:22:21,02.07.2018,08:33:29,15,34,Male,2,45-54 years old,6,America,1,Industrial and manufacturing,3,55,Free streaming video services,1,Very often,2,On weekends,2,Morning,1,more than 1 hour but less than 2 hours,3,Science-Fiction,3,Relaxing,3,Laptop,3,28,20,Good,4,17,Good,4,21,Good,4,36,Good,4,12,80,Good,4,15,Good,4,27,Fair,3,16,Fair,3,15,Good,4,26,Good,4,15,Good,4,25,Good,4,28,Good,4,11,Good,4,17,Good,4,19,Fair,3,14,Fair,3,12,Fair,3,34,Fair,3,34,Fair,3,23,Fair,3,19,Fair,3,1 2 3 4 8 5 6 7 9 10 12 13 11 27 23 17 25 19 18 21 14 20 15 26 22 16 24 28 
AOOGCOBAZBWJ2,Yes,02.07.2018,08:42:20,02.07.2018,08:54:19,5,27,Male,2,65-74 years old,8,America,1,Healthcare and medicine,6,59,Free streaming video services,1,Slightly often,4,On weekends,2,Afternoon,2,30 minutes or less,1,I don't know,16,Relaxing,3,Tablet,1,6,21,Good,4,28,Good,4,64,Good,4,15,Excellent,5,4,74,Excellent,5,15,Good,4,17,Excellent,5,27,Excellent,5,17,Good,4,14,Good,4,15,Good,4,13,Excellent,5,14,Excellent,5,15,Excellent,5,14,Excellent,5,27,Excellent,5,13,Excellent,5,14,Excellent,5,49,Excellent,5,76,Excellent,5,62,Excellent,5,14,Good,4,1 2 3 4 7 6 8 5 9 11 10 12 13 14 16 23 20 19 22 21 25 18 15 27 17 24 26 28 
AQP4PHYDXRBPI,Yes,02.07.2018,08:32:18,02.07.2018,08:40:00,37,18,Female,1,18-24 years old,3,America,1,Business,2,35,Free streaming video services,1,Very often,2,On weekends,2,Afternoon,2,more than 2 hours but less than 3 hours,4,Reality shows,9,Relaxing,3,Tablet,1,7,26,Good,4,15,Excellent,5,15,Excellent,5,15,Good,4,3,19,Good,4,21,Excellent,5,18,Good,4,17,Fair,3,16,Good,4,16,Excellent,5,16,Excellent,5,14,Excellent,5,15,Excellent,5,14,Good,4,15,Excellent,5,14,Good,4,17,Fair,3,17,Good,4,16,Good,4,18,Good,4,14,Fair,3,14,Good,4,1 2 3 4 5 6 7 8 9 10 12 13 11 23 20 26 17 22 27 21 16 18 25 24 15 19 14 28 
ARHBT4K14I7U,Yes,02.07.2018,08:16:56,02.07.2018,08:26:02,6,15,Female,1,45-54 years old,6,America,1,Other field,10,63,Paid streaming video services,2,Extremely often,1,No difference,3,Afternoon,2,more than 1 hour but less than 2 hours,3,Drama,4,Relaxing,3,TV,2,16,24,Poor,2,14,Poor,2,24,Good,4,27,Fair,3,6,41,Bad,1,16,Fair,3,14,Fair,3,76,Fair,3,12,Fair,3,10,Poor,2,20,Fair,3,18,Fair,3,13,Fair,3,14,Fair,3,22,Fair,3,14,Good,4,10,Poor,2,14,Fair,3,19,Fair,3,13,Fair,3,13,Poor,2,12,Fair,3,1 2 3 4 8 7 5 6 9 13 10 11 12 17 16 24 26 20 19 18 21 14 23 22 27 25 15 28 
AS2WTWYVRW9BV,Yes,02.07.2018,08:37:31,02.07.2018,08:44:45,24,24,Male,2,35-44 years old,5,America,1,Industrial and manufacturing,3,49,Free streaming video services,1,Moderately often,3,No difference,3,Afternoon,2,30 minutes or less,1,News,7,Relaxing,3,Tablet,1,5,13,Fair,3,13,Good,4,13,Excellent,5,20,Good,4,4,18,Fair,3,17,Poor,2,15,Good,4,34,Fair,3,16,Good,4,13,Bad,1,12,Fair,3,12,Fair,3,12,Good,4,12,Good,4,13,Fair,3,12,Fair,3,18,Fair,3,13,Poor,2,14,Fair,3,15,Fair,3,11,Fair,3,12,Fair,3,1 2 3 4 8 5 6 7 9 13 11 10 12 26 19 20 17 24 21 23 16 18 14 27 22 15 25 28 
ASF5V3K4IFP4K,Yes,02.07.2018,08:16:47,02.07.2018,08:23:17,6,14,Male,2,25-34 years old,4,America,1,Arts and entertainment,1,30,Paid streaming video services,2,Very often,2,On weekends,2,Afternoon,2,more than 30 minutes but less than an hour,2,Drama,4,Surfing in the web,1,Laptop,3,15,11,Bad,1,12,Good,4,16,Fair,3,12,Good,4,3,43,Good,4,13,Bad,1,33,Fair,3,13,Fair,3,12,Excellent,5,12,Poor,2,12,Poor,2,12,Fair,3,12,Good,4,13,Fair,3,11,Fair,3,12,Excellent,5,12,Poor,2,13,Excellent,5,12,Good,4,13,Excellent,5,12,Poor,2,11,Good,4,1 2 3 4 7 6 5 8 9 12 10 11 13 19 25 22 24 18 17 23 27 16 15 20 21 26 14 28 
ASMEIXETQPZV2,No,02.07.2018,08:40:29,02.07.2018,08:40:43,14,,,,,,,,,,,,,,,,,,,,,,,,,,,,,,,,,,,,,,,,,,,,,,,,,,,,,,,,,,,,,,,,,,,,,,,,,,,,,,,,,,,,,,,,,,,,,,,1 2 3 4 5 6 7 8 9 12 13 11 10 17 19 25 21 23 27 18 20 14 15 24 16 26 22 28 
AU2RMH9IZP60M,Yes,02.07.2018,08:34:09,02.07.2018,08:40:55,147,7,Male,2,25-34 years old,4,America,1,Science and technology,5,16,Free streaming video services,1,Extremely often,1,On weekends,2,Afternoon,2,more than 1 hour but less than 2 hours,3,Coemdy,6,Relaxing,3,Tablet,1,2,14,Fair,3,9,Good,4,9,Good,4,10,Excellent,5,3,10,Good,4,10,Poor,2,9,Excellent,5,10,Fair,3,9,Excellent,5,10,Poor,2,10,Fair,3,10,Good,4,16,Good,4,11,Good,4,16,Good,4,9,Excellent,5,9,Fair,3,11,Good,4,10,Good,4,10,Excellent,5,9,Good,4,10,Good,4,1 2 3 4 7 5 8 6 9 12 11 10 13 14 23 27 16 20 18 26 19 24 22 15 21 17 25 28 
AUCHGHY1IKZZK,Yes,02.07.2018,08:17:38,02.07.2018,08:24:09,4,13,Male,2,25-34 years old,4,America,1,Service,7,20,Paid streaming video services,2,Extremely often,1,During the week,1,Afternoon,2,more than 1 hour but less than 2 hours,3,Coemdy,6,Surfing in the web,1,TV,2,3,11,Good,4,13,Good,4,17,Excellent,5,15,Excellent,5,5,13,Excellent,5,12,Fair,3,17,Excellent,5,13,Good,4,20,Excellent,5,28,Fair,3,12,Good,4,20,Excellent,5,13,Excellent,5,13,Excellent,5,15,Excellent,5,12,Excellent,5,19,Good,4,12,Excellent,5,25,Excellent,5,12,Excellent,5,14,Fair,3,20,Good,4,1 2 3 4 7 8 5 6 9 10 12 11 13 26 16 21 19 18 24 17 27 14 20 15 25 23 22 28 
AV980AVXXFSMA,Yes,02.07.2018,08:16:48,02.07.2018,08:24:02,3,10,Male,2,18-24 years old,3,America,1,Science and technology,5,26,Paid streaming video services,2,Extremely often,1,No difference,3,Afternoon,2,more than 2 hours but less than 3 hours,4,Drama,4,Relaxing,3,TV,2,2,34,Poor,2,12,Excellent,5,13,Good,4,17,Good,4,2,12,Excellent,5,14,Poor,2,14,Excellent,5,15,Good,4,21,Excellent,5,37,Poor,2,13,Fair,3,13,Good,4,14,Good,4,18,Fair,3,12,Excellent,5,11,Excellent,5,15,Good,4,13,Fair,3,14,Excellent,5,15,Excellent,5,47,Poor,2,17,Fair,3,1 2 3 4 8 7 5 6 9 11 13 12 10 22 24 20 27 18 25 16 19 17 15 21 26 14 23 28 
AVDF9O70MW7X8,Yes,02.07.2018,08:38:18,02.07.2018,08:47:43,77,15,Female,1,25-34 years old,4,America,1,Business,2,39,Paid streaming video services,2,Very often,2,No difference,3,Afternoon,2,more than 2 hours but less than 3 hours,4,Coemdy,6,Relaxing,3,TV,2,22,12,Fair,3,23,Fair,3,13,Excellent,5,13,Excellent,5,3,13,Fair,3,14,Fair,3,15,Poor,2,12,Poor,2,17,Fair,3,20,Fair,3,12,Fair,3,15,Fair,3,13,Fair,3,12,Fair,3,11,Good,4,13,Poor,2,33,Poor,2,17,Poor,2,83,Good,4,13,Fair,3,20,Poor,2,15,Poor,2,1 2 3 4 6 8 7 5 9 12 13 11 10 21 17 27 15 14 19 16 18 25 23 22 20 26 24 28 
AVJUIF9QHQRY8,Yes,02.07.2018,08:21:28,02.07.2018,08:29:21,5,7,Female,1,25-34 years old,4,America,1,Science and technology,5,21,Paid streaming video services,2,Moderately often,3,On weekends,2,Afternoon,2,more than 1 hour but less than 2 hours,3,Reality shows,9,Relaxing,3,Laptop,3,11,9,Fair,3,11,Good,4,11,Excellent,5,26,Good,4,3,125,Good,4,12,Fair,3,13,Excellent,5,20,Good,4,15,Excellent,5,10,Fair,3,12,Good,4,11,Good,4,12,Excellent,5,10,Good,4,12,Good,4,11,Excellent,5,18,Good,4,12,Good,4,41,Good,4,13,Excellent,5,12,Excellent,5,10,Good,4,1 2 3 4 8 6 7 5 9 11 10 13 12 14 26 17 18 23 21 16 24 20 22 19 25 27 15 28 
AWTGJ45ZWUCHH,Yes,02.07.2018,09:08:38,02.07.2018,09:17:00,6,119,Female,1,25-34 years old,4,America,1,Other field,10,28,Paid streaming video services,2,Extremely often,1,No difference,3,Afternoon,2,more than 4 hours,6,Action/adventure,11,Relaxing,3,TV,2,4,15,Fair,3,10,Excellent,5,13,Excellent,5,11,Excellent,5,8,19,Excellent,5,15,Fair,3,54,Excellent,5,17,Fair,3,11,Excellent,5,10,Fair,3,12,Good,4,10,Good,4,12,Good,4,11,Excellent,5,10,Excellent,5,12,Excellent,5,23,Fair,3,10,Excellent,5,25,Excellent,5,16,Excellent,5,10,Good,4,11,Excellent,5,1 2 3 4 6 8 7 5 9 12 10 13 11 21 16 25 14 15 26 19 18 27 22 24 17 23 20 28 
AWXIEV9H6KT9E,Yes,02.07.2018,08:20:36,02.07.2018,08:42:54,140,9,Female,1,25-34 years old,4,America,1,Arts and entertainment,1,11,Paid streaming video services,2,Moderately often,3,During the week,1,Afternoon,2,more than 1 hour but less than 2 hours,3,Coemdy,6,Surfing in the web,1,Phone,4,1,167,Good,4,322,Good,4,71,Excellent,5,17,Excellent,5,329,13,Excellent,5,33,Poor,2,43,Excellent,5,19,Fair,3,10,Excellent,5,10,Poor,2,13,Fair,3,12,Good,4,13,Excellent,5,11,Good,4,11,Excellent,5,10,Excellent,5,9,Good,4,13,Excellent,5,16,Excellent,5,12,Excellent,5,12,Good,4,11,Excellent,5,1 2 3 4 6 5 8 7 9 10 11 12 13 22 23 25 26 20 14 16 19 15 17 27 24 21 18 28 
